field,year,n
Agricultural and Food Sciences,2015,364
Agricultural and Food Sciences,2016,434
Agricultural and Food Sciences,2017,488
Agricultural and Food Sciences,2018,383
Agricultural and Food Sciences,2019,575
Agricultural and Food Sciences,2020,662
Agricultural and Food Sciences,2021,764
Agricultural and Food Sciences,2022,823
Agricultural and Food Sciences,2023,869
Agricultural and Food Sciences,2024,762
Agricultural and Food Sciences,2025,872
Agricultural and Food Sciences,2026,831
Biology,2015,306
Biology,2016,419
Biology,2017,505
Biology,2018,548
Biology,2019,666
Biology,2020,737
Biology,2021,892
Biology,2022,767
Biology,2023,941
Biology,2024,941
Biology,2025,940
Biology,2026,921
Business,2015,86
Business,2016,101
Business,2017,140
Business,2018,161
Business,2019,206
Business,2020,359
Business,2021,391
Business,2022,464
Business,2023,536
Business,2024,616
Business,2025,566
Business,2026,505
Chemistry,2015,217
Chemistry,2016,310
Chemistry,2017,366
Chemistry,2018,415
Chemistry,2019,699
Chemistry,2020,754
Chemistry,2021,708
Chemistry,2022,625
Chemistry,2023,401
Chemistry,2024,413
Chemistry,2025,660
Chemistry,2026,365
Computer Science,2015,194
Computer Science,2016,208
Computer Science,2017,281
Computer Science,2018,441
Computer Science,2019,609
Computer Science,2020,709
Computer Science,2021,738
Computer Science,2022,807
Computer Science,2023,899
Computer Science,2024,891
Computer Science,2025,929
Computer Science,2026,884
Economics,2015,240
Economics,2016,285
Economics,2017,352
Economics,2018,395
Economics,2019,512
Economics,2020,666
Economics,2021,772
Economics,2022,802
Economics,2023,879
Economics,2024,1019
Economics,2025,906
Economics,2026,874
Education,2015,148
Education,2016,154
Education,2017,185
Education,2018,142
Education,2019,198
Education,2020,382
Education,2021,342
Education,2022,555
Education,2023,630
Education,2024,698
Education,2025,639
Education,2026,586
Engineering,2015,89
Engineering,2016,70
Engineering,2017,75
Engineering,2018,17
Engineering,2019,34
Engineering,2020,48
Engineering,2021,53
Engineering,2022,259
Engineering,2023,257
Engineering,2024,273
Engineering,2025,250
Engineering,2026,218
Environmental Science,2015,121
Environmental Science,2016,119
Environmental Science,2017,137
Environmental Science,2018,198
Environmental Science,2019,309
Environmental Science,2020,390
Environmental Science,2021,439
Environmental Science,2022,310
Environmental Science,2023,365
Environmental Science,2024,383
Environmental Science,2025,374
Environmental Science,2026,364
Geology,2015,238
Geology,2016,289
Geology,2017,343
Geology,2018,421
Geology,2019,574
Geology,2020,732
Geology,2021,772
Geology,2022,598
Geology,2023,663
Geology,2024,615
Geology,2025,647
Geology,2026,603
History,2015,88
History,2016,124
History,2017,138
History,2018,193
History,2019,257
History,2020,315
History,2021,360
History,2022,513
History,2023,604
History,2024,696
History,2025,732
History,2026,656
Materials Science,2015,107
Materials Science,2016,102
Materials Science,2017,118
Materials Science,2018,253
Materials Science,2019,382
Materials Science,2020,386
Materials Science,2021,397
Materials Science,2022,335
Materials Science,2023,510
Materials Science,2024,536
Materials Science,2025,392
Materials Science,2026,524
Mathematics,2015,337
Mathematics,2016,388
Mathematics,2017,664
Mathematics,2018,590
Mathematics,2019,810
Mathematics,2020,835
Mathematics,2021,862
Mathematics,2022,910
Mathematics,2023,976
Mathematics,2024,995
Mathematics,2025,1011
Mathematics,2026,1006
Medicine,2015,474
Medicine,2016,422
Medicine,2017,527
Medicine,2018,692
Medicine,2019,921
Medicine,2020,1027
Medicine,2021,1108
Medicine,2022,1183
Medicine,2023,1165
Medicine,2024,1163
Medicine,2025,1146
Medicine,2026,1158
Philosophy,2015,92
Philosophy,2016,100
Philosophy,2017,117
Philosophy,2018,119
Philosophy,2019,205
Philosophy,2020,305
Philosophy,2021,522
Philosophy,2022,738
Philosophy,2023,799
Philosophy,2024,900
Philosophy,2025,932
Philosophy,2026,837
Physics,2015,337
Physics,2016,374
Physics,2017,421
Physics,2018,544
Physics,2019,762
Physics,2020,911
Physics,2021,1034
Physics,2022,913
Physics,2023,967
Physics,2024,1028
Physics,2025,1012
Physics,2026,990
Political Science,2015,94
Political Science,2016,88
Political Science,2017,124
Political Science,2018,198
Political Science,2019,257
Political Science,2020,402
Political Science,2021,504
Political Science,2022,716
Political Science,2023,797
Political Science,2024,851
Political Science,2025,819
Political Science,2026,843
Psychology,2015,224
Psychology,2016,284
Psychology,2017,323
Psychology,2018,379
Psychology,2019,499
Psychology,2020,290
Psychology,2021,817
Psychology,2022,926
Psychology,2023,957
Psychology,2024,944
Psychology,2025,1011
Psychology,2026,987
Sociology,2015,157
Sociology,2016,141
Sociology,2017,224
Sociology,2018,164
Sociology,2019,279
Sociology,2020,456
Sociology,2021,483
Sociology,2022,662
Sociology,2023,722
Sociology,2024,721
Sociology,2025,750
Sociology,2026,628
