level,centroid_cos_f300,nn_cos_f300,field,domain,year,n,mean_pair_cos,centroid_cos,nn_cos,ci_lo,ci_hi
field,0.162496964948695,0.10064247595868561,Agricultural and Food Sciences,,2015,364,0.023251340710590585,0.1610425910989738,0.10597330392608233,0.019481907415631192,0.02163272287085849
field,0.16684042332041965,0.10976648049417434,Agricultural and Food Sciences,,2016,434,0.023873257380647685,0.16162424737728015,0.11688362028967432,0.02039832945361822,0.022735093318872246
field,0.1635080387347713,0.1098633404624078,Agricultural and Food Sciences,,2017,488,0.02337718621458061,0.1593061909406377,0.12078200148632362,0.020123936930440085,0.02228240889251497
field,0.16213333840810049,0.10921215151173749,Agricultural and Food Sciences,,2018,383,0.023244086854359147,0.16060623708206667,0.11453376211962854,0.01944198035445541,0.02164202551069334
field,0.16412505931315075,0.10865657305973964,Agricultural and Food Sciences,,2019,575,0.02382404371394897,0.15975525352521608,0.1209650891507179,0.020936822833888105,0.02313761849524466
field,0.16860531039346238,0.10936079544920176,Agricultural and Food Sciences,,2020,662,0.024981779133427275,0.16264875137774745,0.12433312326113052,0.02229252495731845,0.024541380513282206
field,0.16576885896505927,0.10699090613249207,Agricultural and Food Sciences,,2021,764,0.024313525114970033,0.15997062746784207,0.12350813927472298,0.02173318356772581,0.02384237113673934
field,0.17016935229620472,0.11692785135482292,Agricultural and Food Sciences,,2022,823,0.025634594807556067,0.16376359146673744,0.137970193384634,0.023338867259301083,0.02547988048007591
field,0.16797011196054046,0.1123784034102401,Agricultural and Food Sciences,,2023,869,0.02525942895248877,0.16242262681459513,0.1338116398692998,0.02295748807824596,0.02523056799140301
field,0.166880276033721,0.11170898082012148,Agricultural and Food Sciences,,2024,762,0.025833164433368264,0.16465600080302753,0.13317533507455465,0.023536098906820565,0.02560388637812223
field,0.16812196555958464,0.1102194788018962,Agricultural and Food Sciences,,2025,872,0.025406480520180564,0.16286231497348316,0.1328089117103654,0.023337443553702954,0.025242737090832804
field,0.168843902137165,0.11042306883728203,Agricultural and Food Sciences,,2026,831,0.025257651440026507,0.1625749875853824,0.12916093504283643,0.023056424678009103,0.025063704410471205
field,0.16276295387773262,0.09719637996172142,Biology,,2015,306,0.023212509157644456,0.1624950003552659,0.09796082877457117,0.018689039723220953,0.0212244568388351
field,0.16256794320532567,0.09509267290216684,Biology,,2016,419,0.022839144555729562,0.1586545640757067,0.10365444437149553,0.019197499276013115,0.02149785476119342
field,0.1616328360165072,0.0991557977415975,Biology,,2017,505,0.023012393243475024,0.15794626354373034,0.1109057642720435,0.019902147751837705,0.02194439706020489
field,0.16119430184444883,0.09708360198256591,Biology,,2018,548,0.022580370481673717,0.1560896631554523,0.11018368735244338,0.01967659655801485,0.021887544088675315
field,0.1592442725875115,0.09395362909674072,Biology,,2019,666,0.02215153554731123,0.15368726845323755,0.1105084978621933,0.019614404464594167,0.02154990739612967
field,0.16172300760669917,0.09348277678510092,Biology,,2020,737,0.022545066964826155,0.1545034910482898,0.11553114517318884,0.020082800640473745,0.022305477538429833
field,0.16205761838326183,0.09773308306414447,Biology,,2021,892,0.023359508902926002,0.15637901823948422,0.11546388414789134,0.021325641989024573,0.02309183233421388
field,0.16287576510284707,0.09870629336570509,Biology,,2022,767,0.02395337252196413,0.1588267091370495,0.11494961888645341,0.02154044859598616,0.02379244498081252
field,0.16624867508248295,0.10819383310991958,Biology,,2023,900,0.024300327408583376,0.15932494517678736,0.1234573525032928,0.02205902196104593,0.02443893951352254
field,0.16557983536054194,0.10227705604040646,Biology,,2024,900,0.023792529215507972,0.1577250905301012,0.11990638601494699,0.02164628782580172,0.02353807725932427
field,0.16598763831056418,0.10570832293099568,Biology,,2025,900,0.024064045029436546,0.15858252839584125,0.12300372521441971,0.02186257786469005,0.023995218564878906
field,0.16875890263824472,0.10256523784682049,Biology,,2026,900,0.024699964837897815,0.16057282317786564,0.1276156100907024,0.022440238598827725,0.024516854264993095
field,,,Business,,2015,86,0.024651968897533384,0.18971880526911605,0.07229917353640977,0.008560937891929393,0.016310586087248904
field,,,Business,,2016,101,0.02311234383621401,0.18106490230675493,0.06995964308184625,0.009378506439051342,0.01585269472014998
field,,,Business,,2017,140,0.023386334512575893,0.17424737131030663,0.07936447051335113,0.01339347123829486,0.0184851464376768
field,,,Business,,2018,161,0.023100434996851223,0.17078680908667235,0.08767968429894071,0.015089071042130416,0.018742896455336406
field,,,Business,,2019,206,0.025166237099213666,0.17291165325502567,0.0859703552749618,0.018329041723464317,0.021740158046195127
field,0.16373625322065333,0.09386759957849901,Business,,2020,359,0.02356629512546629,0.16213009026505604,0.09637335518499876,0.019731559762550695,0.02170718656086578
field,0.1701467010295609,0.09919577362998398,Business,,2021,391,0.025247126523237327,0.1665535968505715,0.09904567327758824,0.021391576538607977,0.02373235711527181
field,0.1753592962265446,0.11070261580959638,Business,,2022,464,0.027685987941244758,0.17257315051081618,0.11852911592085767,0.024230198424073684,0.026697612187154704
field,0.17807788350414908,0.12350836603591735,Business,,2023,536,0.028080005410710884,0.1728967581603435,0.13255010002806591,0.024780122550022172,0.027650282503092646
field,0.18164458761055263,0.12242311856469192,Business,,2024,616,0.02961712712250047,0.17661377067969067,0.1340832338434004,0.026654336571114212,0.029469627980819008
field,0.18599445244664356,0.12789208899679924,Business,,2025,566,0.03158206350424346,0.18246382999762192,0.14576546383180183,0.028283552418809352,0.031331502855501854
field,0.18971023503928333,0.13480552265751414,Business,,2026,505,0.03266860033336475,0.18596802965859752,0.14524437231318557,0.029017733441698397,0.03226403345890832
field,,,Chemistry,,2015,217,0.021360155252705598,0.16084158755768518,0.09080642574040584,0.015149016036810101,0.017911746251441523
field,0.15895456819242548,0.09824743373978793,Chemistry,,2016,310,0.022056521479784076,0.15878028171590874,0.0985581386425459,0.017666250385908317,0.01964760033127054
field,0.1561026732453708,0.10107319112546674,Chemistry,,2017,366,0.021088665047946816,0.15415345011183443,0.1074025827823114,0.017135566824825386,0.01934052106289275
field,0.15780436635449432,0.09661117556481005,Chemistry,,2018,415,0.021734984507905557,0.15521678261438618,0.10294177692349955,0.018461967564132355,0.020258685794728896
field,0.15671889591891328,0.1019584735430214,Chemistry,,2019,699,0.0221592231402278,0.15348660196831612,0.11891766465788124,0.019613662805723915,0.021710913733830023
field,0.1615022840671978,0.10214748625019636,Chemistry,,2020,754,0.02265820377078416,0.15477213266376652,0.11940436913109692,0.02033814547418889,0.02239507794660494
field,0.1632423389992774,0.10156910664921444,Chemistry,,2021,708,0.023748818035678205,0.15851720375274866,0.11713446588713808,0.02128492699896624,0.02319628957727303
field,0.1657091719811631,0.10760115755013631,Chemistry,,2022,625,0.024085493069366245,0.16014667114908057,0.1180441437951958,0.021456169164465463,0.02340446512248628
field,0.1667621016519431,0.10685145602618391,Chemistry,,2023,401,0.024602658488965097,0.16442344970107342,0.11336476441092164,0.020838291881161194,0.022953861005847204
field,0.1658001685080014,0.10558202712528014,Chemistry,,2024,413,0.024090198107951617,0.1626443230985135,0.11472858791933221,0.020619219395357942,0.02254617221058247
field,0.16825762936379335,0.10997551735303622,Chemistry,,2025,660,0.025053639169826603,0.16288287394720505,0.12342394086660916,0.022303077887901167,0.02462867235841238
field,0.1669288780965101,0.11232669570452378,Chemistry,,2026,365,0.02452887961909453,0.16492847915457515,0.11408743710635663,0.020572299546554377,0.02271368112985085
field,,,Computer Science,,2015,194,0.02513286437536967,0.17366045232860025,0.08393927575350038,0.018092552737944242,0.021447348961488876
field,,,Computer Science,,2016,208,0.0240124599528043,0.1694246373498975,0.08909509275812996,0.017556504902291874,0.020524019885995795
field,,,Computer Science,,2017,281,0.02357277029346611,0.16446154654534204,0.08694900386198685,0.01881069093377331,0.02112121413104382
field,0.16604092920547603,0.09041964918508079,Computer Science,,2018,441,0.024498300199745325,0.16343292873355064,0.09726248714388722,0.021087544006014272,0.02322161494440583
field,0.16904505263935146,0.09139871420975129,Computer Science,,2019,609,0.02515139559172505,0.16356079058270287,0.1023677168899669,0.022341010491958215,0.024630115547947525
field,0.16853436815345474,0.09103268035385191,Computer Science,,2020,709,0.025253249116040436,0.16318109029045785,0.1039146783609491,0.022677176762576842,0.02473585588308354
field,0.1694067082983691,0.08500801956501557,Computer Science,,2021,738,0.025139033071313648,0.16266524795011433,0.1045417810450811,0.022617318198687217,0.024913082479864953
field,0.17248473614498133,0.09407114429235228,Computer Science,,2022,807,0.02567288183355821,0.1639519029026633,0.10967864387499146,0.02338428931065871,0.025479659834857882
field,0.16869148074796697,0.08861840022412189,Computer Science,,2023,899,0.025954593514292416,0.16443256992047797,0.1124488269720897,0.0237847811854293,0.025831748196366446
field,0.16854693829184977,0.09476728605732192,Computer Science,,2024,891,0.02557132260420801,0.16329408281720217,0.11149418505697345,0.023375710733077065,0.02541020965690518
field,0.17333334410744547,0.10251437288692132,Computer Science,,2025,900,0.026648268162442708,0.16652258131067804,0.11566719180861544,0.024486240832707153,0.026556585017143707
field,0.17225961764997266,0.09912248372194789,Computer Science,,2026,884,0.025896350514442463,0.1643115264350374,0.11608388945750701,0.02365522694314222,0.02568847628345464
field,,,Economics,,2015,240,0.02292522936700323,0.16430573405789517,0.08832013252475092,0.017382454795365026,0.019926906829475788
field,,,Economics,,2016,285,0.023414867296362062,0.16383370165122285,0.09486574502657166,0.018672272707568518,0.021024511774348414
field,0.1649143066005226,0.09933852621627563,Economics,,2017,352,0.023876904820900803,0.163248221416067,0.10211728834237604,0.019876666889823487,0.021926387552064483
field,0.1670310846075088,0.09427079922948903,Economics,,2018,395,0.024554212861525194,0.16438885566426095,0.10098405185711429,0.020748045311035246,0.023062763134696948
field,0.16646181728840703,0.09817381574486457,Economics,,2019,512,0.02434053010713249,0.16200652767385354,0.10724935309732116,0.021416584668354204,0.02365494884593741
field,0.16511788058374063,0.09712237486714165,Economics,,2020,666,0.023872100862727685,0.15917838536880077,0.1126298568454268,0.021264050550664673,0.023358355718212553
field,0.16611569966020145,0.09658988953913374,Economics,,2021,772,0.02467761871948562,0.16106206778558638,0.11937638873011432,0.02227191164767848,0.024507369702715994
field,0.1707331918605882,0.11273776473068726,Economics,,2022,802,0.02611646805574014,0.16532025488061455,0.13116510242795343,0.023610346847385798,0.026008948109071523
field,0.17370974460580205,0.113377256789923,Economics,,2023,879,0.02631709726364562,0.16560438966467345,0.1317963731268127,0.023898992159299436,0.026473422497484602
field,0.17368765905498942,0.11646700536520942,Economics,,2024,900,0.02721175924571273,0.16820414700129846,0.13733049084707652,0.0249637139174448,0.027476275284349597
field,0.17866291193636588,0.11788747504452152,Economics,,2025,900,0.028058227031331356,0.17069904022661123,0.13717323111858604,0.0256296585587923,0.028059189172314657
field,0.17742684204626116,0.1208063177080519,Economics,,2026,874,0.028455401805279407,0.17195060016379468,0.1402050751707373,0.02579321860584215,0.028510728231636605
field,,,Education,,2015,148,0.027426803042526787,0.1843861262734467,0.08138194535344262,0.018012503611500467,0.022817684421173295
field,,,Education,,2016,154,0.027707459506144137,0.1844479531766266,0.08540430767594742,0.018583300405483647,0.023082244391036195
field,,,Education,,2017,185,0.029125507995495195,0.18540085820234206,0.09806792226985116,0.02162442034957761,0.02575405759178266
field,,,Education,,2018,142,0.027100582460110823,0.18426064910501289,0.0848755113967697,0.017153362703783342,0.022107291666368687
field,,,Education,,2019,198,0.028500786740385257,0.18277677211051455,0.09777814180140705,0.021195188401174684,0.025115296278779984
field,0.1838504853229631,0.10807749712159949,Education,,2020,382,0.029912130447514347,0.18014335260525755,0.11089967578364447,0.025711364597789513,0.028633328244841213
field,0.18677604306473922,0.11003557522964913,Education,,2021,342,0.031170466573513595,0.18439984128572035,0.10997674681872432,0.026622618686821295,0.029945171151434382
field,0.18802853572500106,0.1111268492274093,Education,,2022,555,0.032065881855362445,0.18387470541945006,0.12883439880351413,0.02830516776663504,0.03202755642947284
field,0.19461066728887652,0.12247463789516932,Education,,2023,630,0.03423260182364615,0.1891178625813918,0.13304500611924114,0.031035482671727746,0.03442926282365652
field,0.1907580159177544,0.11681651433907964,Education,,2024,698,0.03338543189454869,0.18646786993733208,0.12735594494179542,0.03054547359076532,0.03386691225921258
field,0.19591691602597625,0.12406432833385887,Education,,2025,639,0.034663405506761856,0.19019491160990323,0.13251245604942752,0.03130120176046591,0.03494132481398598
field,0.19705783572721564,0.12668070802443013,Education,,2026,586,0.0356402362752594,0.19309557581850478,0.13836511262224185,0.03219475082091639,0.03592958719074771
field,,,Engineering,,2015,89,0.01960386866602503,0.17498444369307134,0.07190730818748184,0.0037409598665617467,0.011709097181844177
field,,,Engineering,,2016,70,0.02211179967600608,0.18995165466191002,0.0685398175640284,0.0008754396470216604,0.012368232686803838
field,,,Engineering,,2017,75,0.02146357197273081,0.18577062293600008,0.07569522503552013,0.002770080388018575,0.01201261138421643
field,,,Engineering,,2019,34,0.023032143272285158,0.22752250877453206,0.05675030930207952,-0.022666562597624205,0.006289325987319519
field,,,Engineering,,2020,48,0.02522169243237171,0.2133766009654344,0.08112633467983497,-0.005774606524724213,0.01168729856384347
field,,,Engineering,,2021,53,0.022603284378438688,0.20259499461377006,0.08026201835297771,-0.005616196659670828,0.009870388123761144
field,,,Engineering,,2022,259,0.02378517298807024,0.16599500656342892,0.09499070628402198,0.01851175878884659,0.02104718005572867
field,,,Engineering,,2023,257,0.024544861226458697,0.16834609146983723,0.09225890808499415,0.01920922364344315,0.0217456788216743
field,,,Engineering,,2024,273,0.023729091003620143,0.16524277569388618,0.09810597333925108,0.01884305757763022,0.021128227243903414
field,,,Engineering,,2025,250,0.024852881382552372,0.16956848131853694,0.09730910470202862,0.0194834222648003,0.022058450784289748
field,,,Engineering,,2026,218,0.023956407294997956,0.16862286761104414,0.0896263397309732,0.01792663410120314,0.02064570434906344
field,,,Environmental Science,,2015,121,0.019230505559754626,0.16533613812869308,0.06508483139296718,0.008360239317523463,0.01323399181466561
field,,,Environmental Science,,2016,119,0.021578538118370495,0.1726284078865663,0.07262830796685393,0.010171669755227585,0.015355526374854303
field,,,Environmental Science,,2017,137,0.021583095531257347,0.16948399558838184,0.07481936241045807,0.011982514232334988,0.01608580662876773
field,,,Environmental Science,,2018,198,0.022403537369975073,0.16535081869015067,0.0791755873291326,0.01579960568065912,0.018646749976230247
field,0.16157910318272756,0.08986607827228407,Environmental Science,,2019,309,0.02279455684318072,0.16111186798362132,0.09032883933126541,0.018548980599051648,0.02057375678097021
field,0.1594879689893717,0.08985348008065736,Environmental Science,,2020,390,0.022136433588103153,0.1569833623852008,0.0938293732783011,0.018441980889177582,0.02064763614853825
field,0.15911082145585587,0.09014423937927188,Environmental Science,,2021,439,0.022157942459639715,0.15615816697922746,0.09644281241783709,0.018858777786321963,0.020594502953205533
field,0.15821179823709036,0.09004806253424844,Environmental Science,,2022,310,0.02170359002098047,0.15766859196288505,0.09010410894133775,0.01723985701161495,0.01937342676590084
field,0.15776167791622933,0.08457134442514985,Environmental Science,,2023,365,0.021986574666169992,0.1570543329627726,0.0875246136048924,0.018146730891574224,0.020060165616038333
field,0.15898181887500099,0.0883210858117039,Environmental Science,,2024,383,0.022339686605418265,0.15777301575072378,0.09191176438742296,0.01883159464316637,0.020512786752790193
field,0.15979958461274463,0.09216378171869477,Environmental Science,,2025,374,0.022415988305008842,0.1582082466198395,0.09561653531458836,0.018642451429494198,0.02060631294016597
field,0.16122482139133273,0.09163805851442235,Environmental Science,,2026,364,0.02284347264607156,0.15977474331074842,0.09503519197302356,0.019111620367160943,0.02105161482510573
field,,,Geology,,2015,238,0.02394376045138732,0.1674659281400335,0.09991551478896071,0.01827661834066502,0.020800749262117738
field,,,Geology,,2016,289,0.024654782668264107,0.16742066662663516,0.10337554523617808,0.01993554078572392,0.022345892839938777
field,0.16667083033313923,0.10465535898300046,Geology,,2017,343,0.024706961194397067,0.16598307483676772,0.1062660073162041,0.020329718570092775,0.02276140740887941
field,0.16802083815733326,0.09889930457979702,Geology,,2018,421,0.02551955874358367,0.16683596472666531,0.10519246943492283,0.021926640389896657,0.024258828544472318
field,0.16743656353625044,0.1018769087547476,Geology,,2019,574,0.025322551761514153,0.16437942722887242,0.11966753492256099,0.022658269344951985,0.02439857494894366
field,0.1685559975814979,0.10769819860338017,Geology,,2020,732,0.025241831053104506,0.16301370462510006,0.12367271530112064,0.02287259536537912,0.024896281541373966
field,0.170751104285453,0.11131134492443148,Geology,,2021,772,0.02566942637434062,0.16410823443470535,0.13068862970323275,0.023208247306433113,0.025240125269679076
field,0.1726372498951007,0.11158917750529208,Geology,,2022,598,0.02661720349449089,0.16806229179411544,0.12545965019391225,0.023742372096961527,0.026237872672330027
field,0.17448704184258726,0.11265504223617123,Geology,,2023,663,0.027024528727782365,0.16879592226979645,0.13296502038587651,0.024432764887972715,0.0265927160526352
field,0.17327485476809132,0.11172260372243016,Geology,,2024,615,0.02712728180008864,0.16943786075906456,0.1286518806256663,0.02440660205803633,0.026594382322989885
field,0.17122468005695032,0.11353499063544424,Geology,,2025,647,0.026032771632632866,0.1659461676668488,0.13182703305100554,0.023393254922495693,0.025510272629315836
field,0.175022493706955,0.1171838577888644,Geology,,2026,603,0.027033798794539456,0.1692552552106696,0.13162854560782253,0.024128231701139483,0.026275200320043803
field,,,History,,2015,88,0.02218619367378343,0.18247661274757931,0.07530914033004378,0.006196812425010052,0.01401274505206458
field,,,History,,2016,124,0.023070383372643635,0.17592284678942718,0.08457381501614597,0.01194537664768611,0.017293294830663053
field,,,History,,2017,138,0.024323739580010013,0.177183118295089,0.08950056029572306,0.014287969315021517,0.019193982294892015
field,,,History,,2018,193,0.024280771037342476,0.17127846065231958,0.08535971344073937,0.017072694143251233,0.020495085968998173
field,,,History,,2019,257,0.0237134601159743,0.1658681416863032,0.08482323202505523,0.01841485494641166,0.02086901143045231
field,0.1668695754689468,0.09255968727995036,History,,2020,315,0.024747463468725903,0.16686372663613205,0.09321874943446787,0.020327507680274418,0.022776611465907377
field,0.17269294363979404,0.08727982923135148,History,,2021,360,0.02636804146464274,0.1705068171143017,0.09048776745052255,0.022302198110586143,0.02464396134904664
field,0.17000839555641634,0.09233728373869785,History,,2022,513,0.02572627371591783,0.16620903336661788,0.09877819500581755,0.02265045098673531,0.024985391904668544
field,0.1699485664337081,0.0939787301890094,History,,2023,604,0.025948797264298266,0.16601645947965854,0.10309115448498635,0.023113547270729527,0.025268353931105672
field,0.17178486581632307,0.09423861517312776,History,,2024,696,0.02597350388355578,0.1654477779836017,0.10486051107674223,0.023459778456602142,0.025565846716290894
field,0.17188092632301086,0.09686621324982458,History,,2025,732,0.026314006331861827,0.16626538561596044,0.11250037005552913,0.023806159435578372,0.025987411376884345
field,0.17224390366970777,0.0943939178888207,History,,2026,656,0.0266009312142186,0.16758511645656707,0.10485632496697622,0.024016464389642393,0.026126660915809202
field,,,Materials Science,,2015,107,0.02345387273002678,0.1805006150957033,0.08834738290470684,0.010830536588508487,0.01666235306150544
field,,,Materials Science,,2016,102,0.02499852813639024,0.1858961164076485,0.09482377498657095,0.011084154887503892,0.01810299807761117
field,,,Materials Science,,2017,118,0.024805765704851174,0.1818519277385478,0.0904067197640833,0.013046863754954143,0.01857398592204712
field,,,Materials Science,,2018,253,0.026766369146247845,0.17496611783534333,0.10727207661567807,0.021168132379766932,0.024377617558957818
field,0.16922929218962013,0.10495522645759424,Materials Science,,2019,382,0.025381684449742044,0.16713180815270545,0.10795653736838413,0.021564382409494893,0.023892057020869505
field,0.17096983518395728,0.10348388662952233,Materials Science,,2020,386,0.0261504196753524,0.1693320585385609,0.10778518289780532,0.02224249494916634,0.02461663949594362
field,0.17482437617216048,0.11033896749811656,Materials Science,,2021,397,0.027272355977083326,0.172402295673861,0.11614218060627596,0.0234385069083337,0.025942452213597946
field,0.1731991584561914,0.11185201109159904,Materials Science,,2022,335,0.027081694614676972,0.1731644546716893,0.1132455862996762,0.02271917316592826,0.02524373588817509
field,0.16880655436432324,0.11241044675624166,Materials Science,,2023,510,0.02484664009313428,0.163580883676502,0.11898711543898705,0.0218689291340642,0.02393135415274242
field,0.16888072021284078,0.10463694152993874,Materials Science,,2024,536,0.0251875327942729,0.16433567102145102,0.11645966212960528,0.02219927268288466,0.02423993775539366
field,0.17235944827022218,0.11034656994991887,Materials Science,,2025,392,0.026606884878653984,0.17055799770209523,0.11655320114653563,0.022818143050111536,0.025213851092456524
field,0.1705698658432147,0.11353145504859477,Materials Science,,2026,524,0.025803819913220123,0.16632189551684545,0.121515790250583,0.022849878101442997,0.024934844013756917
field,0.1646256275852831,0.12039588229347553,Mathematics,,2015,337,0.0238484222784256,0.16353903049991145,0.12104856464902246,0.01946944133272854,0.021830500588277207
field,0.15883416972984943,0.11083238714577917,Mathematics,,2016,388,0.02255290283912833,0.15834170767106873,0.11644553121454976,0.0185665272280814,0.021160877708103654
field,0.16138883451331015,0.11450651308326741,Mathematics,,2017,664,0.022584867833820285,0.15510280002218269,0.12602195551236225,0.019860609331585947,0.02214800394313827
field,0.15917407539027204,0.10656298709804936,Mathematics,,2018,590,0.02164710207023296,0.15266082444639378,0.12700903332101549,0.018745464227514243,0.021193938673061116
field,0.15926028497875683,0.1015823193765091,Mathematics,,2019,810,0.022282689061547636,0.15326365345314144,0.13041849200169345,0.019964855588416954,0.022366134040498326
field,0.16382737378383685,0.1281198350789564,Mathematics,,2020,835,0.023309925434166913,0.15645962465091903,0.14615916157139797,0.021092205108479253,0.023279726347823396
field,0.1600629856746536,0.11735248181879034,Mathematics,,2021,862,0.023152486774547815,0.15583876458788185,0.14836429634304715,0.020925634419166818,0.023248414719159696
field,0.1666127544813166,0.13062684232571628,Mathematics,,2022,900,0.024875940957496942,0.16111924817937295,0.15267539216882933,0.022696189602813433,0.024860043597116264
field,0.167445857641083,0.12110162419050322,Mathematics,,2023,900,0.024343815967913934,0.15946121282084594,0.14620943388722032,0.022112578952627082,0.024195020904951393
field,0.16704313147485472,0.13078774173965863,Mathematics,,2024,900,0.02404044753211932,0.1585081923262712,0.15370500052499297,0.021786239029198892,0.02410866132069784
field,0.16392145835564426,0.11674092724349303,Mathematics,,2025,900,0.023955326911621368,0.15823975793874298,0.13702775508537565,0.021981176420586862,0.0236542848682493
field,0.16554961349106742,0.12062115618804813,Mathematics,,2026,900,0.024504696005634197,0.15996430750769652,0.14169724744558715,0.022238316066397656,0.024378153566548384
field,0.1589740529649816,0.08923139474112081,Medicine,,2015,474,0.021737684191302363,0.15427744079776926,0.0978209691644695,0.018701458197655126,0.020646130038253416
field,0.15452404063917988,0.0909322528706358,Medicine,,2016,422,0.020391394383737157,0.15070747091668882,0.09528483028113084,0.017044386422383474,0.019089058536173542
field,0.1589047243556996,0.09222402087385825,Medicine,,2017,527,0.02218562804973552,0.15505180840710617,0.10279607944816199,0.019140023309819308,0.02143100515109158
field,0.15596607493143283,0.08646911640668674,Medicine,,2018,692,0.020969739194019964,0.14961458086563392,0.1013785808802776,0.018525954962634227,0.02043046693398329
field,0.1567556237553939,0.08642551573456027,Medicine,,2019,900,0.021129241835511795,0.14905326568361318,0.10469276926636967,0.01895597748464195,0.02097127484191264
field,0.15914855130625072,0.09015702510947295,Medicine,,2020,900,0.021047400725428028,0.14877878153632434,0.10767961608384663,0.018736625884582067,0.021079274694475413
field,0.1567156767761179,0.08621306495672844,Medicine,,2021,900,0.021632027794679085,0.15072857499176456,0.10743694286266424,0.019383387318793764,0.021645120006275692
field,0.1612762063161536,0.08988443843894356,Medicine,,2022,900,0.021612237103075232,0.15066298356630803,0.10541966414863847,0.01935280705365704,0.021463863633973346
field,0.15914253320460303,0.0987551061696954,Medicine,,2023,900,0.022056524985520985,0.15212865885934088,0.1111554134122884,0.01966914247743306,0.02236421825479194
field,0.1572729372961968,0.09035495287439936,Medicine,,2024,900,0.021621383555877987,0.15069330080391413,0.10780939028074875,0.01935606960748232,0.02140963090064676
field,0.15632453098081267,0.09345356407397155,Medicine,,2025,900,0.021311143696167944,0.14966153733817583,0.10807746393063358,0.01914411293135407,0.021102754799550566
field,0.15879474150482584,0.09315880458386977,Medicine,,2026,900,0.022393695956346268,0.15323160634396793,0.11316846258383499,0.02004632798941606,0.02236372657723748
field,,,Philosophy,,2015,92,0.02095271350031738,0.17774850725521843,0.08670765677705357,0.005298617092056025,0.013720117550951455
field,,,Philosophy,,2016,100,0.023386106049819288,0.182077579588858,0.09369333744832123,0.009318519539368426,0.016651744537797032
field,,,Philosophy,,2017,117,0.023356949137466266,0.178057085341167,0.09476289273928626,0.01040826646711407,0.01769568340414796
field,,,Philosophy,,2018,119,0.022728394482064707,0.17589986047356584,0.09196911702012088,0.011039074775699763,0.016915432301194654
field,,,Philosophy,,2019,205,0.02414310516554719,0.17000994882940007,0.09107495392846614,0.01719352615085013,0.02079264678953648
field,0.16795742788026335,0.09350226853463599,Philosophy,,2020,305,0.024871208904966587,0.1675361229167779,0.09352029325364772,0.020106999176696044,0.022650346373244947
field,0.1718495548827941,0.09361511125291676,Philosophy,,2021,522,0.026329641699126872,0.16791340203932822,0.09922715459939903,0.02317925354168572,0.025487421610637075
field,0.17551342689660723,0.09598081386694603,Philosophy,,2022,738,0.026695844500187103,0.16737587884445917,0.1037852486176482,0.024184836358405664,0.02646076176636544
field,0.17527965229343445,0.09502194656552772,Philosophy,,2023,799,0.026977813387282407,0.16791549472931025,0.1073554213039517,0.02459004448324358,0.026702502180829146
field,0.17157292527564352,0.09341404317006222,Philosophy,,2024,900,0.026523186118955558,0.1661470042550672,0.11079435607487548,0.02421185782110702,0.026505812968640095
field,0.1736699737828252,0.098252712198245,Philosophy,,2025,900,0.026738023578858548,0.16679156385904606,0.11206498575842355,0.024452956931425344,0.026749814312648487
field,0.1757806513954096,0.09458054680183423,Philosophy,,2026,837,0.027844628065491078,0.17031178472812764,0.11321644052746427,0.02541635496691584,0.027867985373497318
field,0.16071941839075896,0.10659838909731773,Physics,,2015,337,0.022488899348688852,0.15934091050258387,0.11058300389024461,0.018210016199352978,0.02051306408148219
field,0.15678632246495436,0.10847390568287703,Physics,,2016,374,0.021319108929030033,0.1547123225703377,0.11164212933255283,0.01735118503908782,0.019691269135300025
field,0.15795158509579854,0.10718722698793275,Physics,,2017,421,0.02173850538275839,0.1551198468599288,0.11621514908992761,0.018288610565340403,0.02027747093774167
field,0.1538980415694746,0.10725685692333146,Physics,,2018,544,0.021081594641762035,0.1512649232447718,0.11204002119261254,0.01827835842813899,0.020334374395181515
field,0.15462390105917387,0.10233581358420843,Physics,,2019,762,0.020797468364154564,0.14860185414822463,0.12568634180189855,0.018568926745345115,0.02051036254900167
field,0.15713867984325977,0.10674861161599218,Physics,,2020,900,0.021369326360773776,0.14985557639149283,0.12714272183797412,0.019192413327297795,0.021130115064413518
field,0.15521219003521916,0.088079811095349,Physics,,2021,900,0.02109852651080471,0.14895030988346908,0.11572225720015267,0.01899797586529768,0.020781177271608938
field,0.15835218546157945,0.10069353119330975,Physics,,2022,900,0.0220471735969401,0.15209795477978205,0.11902403708166955,0.020049019169326186,0.021683582945364717
field,0.16232919651526762,0.09721808435993093,Physics,,2023,900,0.022544089786022552,0.15372101973436444,0.11961974076555366,0.02052678873330165,0.02221592979181191
field,0.16042521650618086,0.10844082000476386,Physics,,2024,900,0.022658545315843503,0.15409244064905372,0.1224491733926769,0.020661853588709013,0.02243104273409178
field,0.16009154298306588,0.10241252142481026,Physics,,2025,900,0.02233305889384873,0.1530338377443678,0.11976298311346747,0.020362073720997003,0.021939469722681248
field,0.1617639855726797,0.09693704936689439,Physics,,2026,900,0.02298437939131748,0.15514493966221518,0.11718122550706618,0.020893845481626847,0.022585779648478847
field,,,Political Science,,2015,94,0.021550045869473088,0.17877104892658827,0.06986894668844827,0.006729981085294688,0.014134713814333566
field,,,Political Science,,2016,88,0.023128242378926977,0.1850109667183176,0.06997638527497346,0.00743994177985735,0.014899542984432882
field,,,Political Science,,2017,124,0.023332292886705748,0.176659687996601,0.0804182131599209,0.012273764101458456,0.017608654168812476
field,,,Political Science,,2018,198,0.0232140439900254,0.1677715899482703,0.09075353443777591,0.0165596072871342,0.01942967455052355
field,,,Political Science,,2019,257,0.023242235287572063,0.16444710139650304,0.0930577933146425,0.01802443519960086,0.020483652046389134
field,0.1618822763980189,0.08744656385608914,Political Science,,2020,402,0.02235404986242631,0.15743571691948166,0.0929854241115808,0.01872415612310127,0.020790774558651935
field,0.16752475796084768,0.09451641856032249,Political Science,,2021,504,0.024815394629249914,0.16355514274684294,0.10370119786887544,0.021890103999041545,0.023873894741705412
field,0.16836349806620557,0.09139347951807313,Political Science,,2022,716,0.02512339715811843,0.16274199414707305,0.10640665386549905,0.02273321967958464,0.024689047403307542
field,0.1699110636656272,0.09585037224412796,Political Science,,2023,797,0.025467543579534423,0.1633716452312168,0.11115446683804972,0.023129490608440835,0.02531965706215789
field,0.1690036461170061,0.09645978895611816,Political Science,,2024,851,0.025661250461517154,0.1637259428494386,0.11206919393915171,0.023472273134446973,0.025436485558498482
field,0.17424374820441163,0.09871026345397796,Political Science,,2025,819,0.026775854848084642,0.16722488665652044,0.1113210654370613,0.02449012341332414,0.026626936731166284
field,0.17704592130118996,0.0996882586055037,Political Science,,2026,843,0.027445579599841438,0.16911316384592268,0.11220216126532667,0.02515743862911993,0.027340270711932926
field,,,Psychology,,2015,224,0.022488467012652325,0.16386689044642488,0.09809942955372301,0.016680933446639325,0.019389102376040013
field,,,Psychology,,2016,284,0.022758216837933623,0.16186169723512567,0.10059033114443083,0.017958122926814087,0.020486279220164414
field,0.16179153102451327,0.09736843665287738,Psychology,,2017,323,0.022946757272052875,0.16115734519949432,0.09893300418605128,0.018605348540295292,0.02088388409415688
field,0.16165300122971288,0.0905410502887394,Psychology,,2018,379,0.02248235648159679,0.15830842904569897,0.09479557100087097,0.01864205826888423,0.020771801176818372
field,0.1582949097733303,0.10158254010319563,Psychology,,2019,499,0.022007588478116697,0.1548143827624276,0.10644310654736597,0.01878516822774619,0.020955934107211794
field,,,Psychology,,2020,290,0.023276819224778738,0.16323244221856079,0.10545283642308939,0.018103033487300333,0.020984011591080196
field,0.16341980175317383,0.09870339360412932,Psychology,,2021,817,0.024384248537389935,0.1599324628201068,0.11366128021507949,0.02194101940685496,0.024379360306448987
field,0.16753638092821285,0.09722911311868512,Psychology,,2022,900,0.025623525448810778,0.16342021287393066,0.11871429190080546,0.02335758202724101,0.025768258782034204
field,0.1702664431936244,0.10985166632603423,Psychology,,2023,900,0.025729638515241404,0.16374419421397407,0.12628123779408545,0.023322932845247595,0.025657565187120885
field,0.17182754330805888,0.10444385864574027,Psychology,,2024,900,0.026204747297727923,0.16518699108168314,0.12276401543815453,0.023926545101509412,0.02623549230494643
field,0.17288280024176425,0.10210823104428375,Psychology,,2025,900,0.027323745695991025,0.16853633759318148,0.12651044798068348,0.024943369137358642,0.02733137043528334
field,0.17326724568497948,0.10726588402472996,Psychology,,2026,900,0.02771541032388523,0.16969303619858667,0.12790543162826584,0.025110358504380023,0.027871606748753244
field,,,Sociology,,2015,157,0.021571032068331646,0.16674250721055592,0.07700394959308718,0.013052721430813936,0.016949509088558617
field,,,Sociology,,2016,141,0.022457836926305035,0.17143733568950087,0.08026889818128277,0.01317037989942054,0.01730013134964127
field,,,Sociology,,2017,224,0.02289109817798455,0.165085406651681,0.09143258067286386,0.016975195956936473,0.019598802624586537
field,,,Sociology,,2018,164,0.022473450709579696,0.16862377782746413,0.08358729842001267,0.014401944078102472,0.01758105048582621
field,,,Sociology,,2019,279,0.022432920168402183,0.16104888955521404,0.08283589945962394,0.017647653594832682,0.019806062567641072
field,0.16461491909895354,0.08675152451783741,Sociology,,2020,456,0.02364796674160024,0.16058981792513277,0.09549589693482038,0.020440992731367295,0.02215530053962595
field,0.16641794445508898,0.08744116714677964,Sociology,,2021,483,0.02432899603717581,0.16232380854138048,0.09475204457803105,0.021090808680751492,0.023144126069942247
field,0.16815429269961854,0.09669472263286205,Sociology,,2022,662,0.025090805444076564,0.1629830602948563,0.10626690912124158,0.022624762704135867,0.024507711634488328
field,0.16709512367489035,0.09014677429292065,Sociology,,2023,722,0.024623487746567054,0.1611658299510876,0.1039399135376842,0.02218402292723977,0.024148786691651533
field,0.16807917707625913,0.0911489418865793,Sociology,,2024,721,0.025191514578865745,0.16292187527523394,0.10584435295729036,0.02302315209501581,0.024629123958463815
field,0.16899628379221673,0.0994345404428959,Sociology,,2025,750,0.025814490808358233,0.164661485540128,0.10913199114636679,0.023451855416052027,0.025383837166197704
field,0.17476557100944984,0.09756538501661836,Sociology,,2026,628,0.026933427900491542,0.16876876773859412,0.11041673575733947,0.024237600508101375,0.02634624427729368
domain,,,,Arts & Humanities,2015,180,0.020418939090536655,0.16081373105321725,0.0894612706316066,0.012468528841194966,0.016675436228345008
domain,,,,Arts & Humanities,2016,224,0.021612311432923508,0.16118347810397696,0.09883097772980547,0.015551202090800938,0.01866180021219293
domain,,,,Arts & Humanities,2017,255,0.022385012063424883,0.1619221922082058,0.09635701086218304,0.01673233208720307,0.019932793537307786
domain,0.1605286951881899,0.0929471525541067,,Arts & Humanities,2018,312,0.022337226451412284,0.15959561705037872,0.0937820097468816,0.017783970826117643,0.02030294024544408
domain,0.15946129298818992,0.08759389635778284,,Arts & Humanities,2019,462,0.022609104306653312,0.1572407994625678,0.09415375319215138,0.019355953390841472,0.021644060738551334
domain,0.1649890699565995,0.08364277516946395,,Arts & Humanities,2020,620,0.02343834099881375,0.15815637972745875,0.097770093075521,0.020725056590401678,0.02291809119672738
domain,0.1658417481512331,0.0893220111552907,,Arts & Humanities,2021,882,0.024945573263245865,0.16140346076868936,0.0999636662778989,0.022766592377952484,0.024705902057129723
domain,0.16886384284060632,0.08764584578103082,,Arts & Humanities,2022,900,0.02485695047523991,0.16106036989950473,0.10220670975356844,0.022655621682207333,0.024679177867824777
domain,0.16910877120122458,0.086095559780298,,Arts & Humanities,2023,900,0.02492790654325368,0.16128025291430773,0.10081369880456609,0.022841302517888788,0.02489533734720949
domain,0.16557052800072156,0.08763400001556365,,Arts & Humanities,2024,900,0.024788951594684888,0.16084936874580025,0.10307107235907025,0.022572344683505476,0.02474203958521708
domain,0.1687861946675401,0.09137654478573219,,Arts & Humanities,2025,900,0.02464670632043666,0.16040708276750068,0.10600019912919269,0.02255487517503773,0.024459279586668273
domain,0.16728008130981126,0.08770315092411861,,Arts & Humanities,2026,900,0.02542703199386236,0.16281858262150128,0.10502734103551717,0.023278262323718015,0.025307660077806562
domain,0.15279857447861894,0.08207312751039893,,Life & Health Sciences,2015,900,0.020253358767944422,0.1460888980956347,0.10335439053878427,0.01832919795316488,0.01990133248169665
domain,0.15304282577635517,0.08767738481849734,,Life & Health Sciences,2016,900,0.020053393960735643,0.14540365718477807,0.10932078452307002,0.018065045231679386,0.01977746643638278
domain,0.1529457198792248,0.09288085551353137,,Life & Health Sciences,2017,900,0.020589879725407417,0.14723489121836067,0.11158944331478843,0.018542315039161393,0.02032681343408468
domain,0.15313660670701418,0.08344725038731589,,Life & Health Sciences,2018,900,0.020224337370098194,0.14598964687589433,0.10630169233819634,0.018187941842148676,0.019992549621855045
domain,0.15437388011369688,0.08462557477284831,,Life & Health Sciences,2019,900,0.020368921758130813,0.1464834486679636,0.10368168582193735,0.01822721390088364,0.020039664966405697
domain,0.15354120354739925,0.08918137042516847,,Life & Health Sciences,2020,900,0.02023552671533241,0.14602792167108544,0.10576508612365602,0.018233396303300915,0.019971554722025678
domain,0.154117723174747,0.090101547385896,,Life & Health Sciences,2021,900,0.020640679166443538,0.14740711037563586,0.10490552576324395,0.018641976396273793,0.020324302134067003
domain,0.15590019334074331,0.08796952861946426,,Life & Health Sciences,2022,900,0.020615952509220877,0.14732330774909985,0.10729734005199841,0.018732359339567968,0.02032930964455336
domain,0.1535402062603465,0.08995274117300552,,Life & Health Sciences,2023,900,0.020765871069242034,0.14783067675546344,0.10916331871356968,0.018865166349611696,0.020460165136635813
domain,0.1571677191116213,0.08957942069784663,,Life & Health Sciences,2024,900,0.0209387495652031,0.14841359573408525,0.10972617362740616,0.019078796450981244,0.020720492817932926
domain,0.15418979327979784,0.0869687191605878,,Life & Health Sciences,2025,900,0.020486022702213547,0.14688216898446785,0.1093925971094804,0.018536447026999497,0.02017938321512908
domain,0.15542056466417084,0.09342741689904276,,Life & Health Sciences,2026,900,0.020692629755688682,0.14758302428010736,0.11056023595387045,0.01873692604492704,0.020429687760777592
domain,0.1490836558883304,0.0770175734354217,,Physical Sciences & Engineering,2015,900,0.01849465271149286,0.13994718363796382,0.0976073535034516,0.01655639509724806,0.018196377657645854
domain,0.14677431666428675,0.08163998830622916,,Physical Sciences & Engineering,2016,900,0.01858625450903074,0.14027371181358309,0.10129252616781087,0.01657669571168272,0.018254782293590663
domain,0.1475389773716429,0.08469256965514277,,Physical Sciences & Engineering,2017,900,0.018418994870836283,0.13967691445550096,0.10551224754645006,0.016439152631544846,0.018122583228726397
domain,0.1516947171452501,0.07618194428690389,,Physical Sciences & Engineering,2018,900,0.019211796815068186,0.14248354812042857,0.09651125376625548,0.01722593093017197,0.018868774894035045
domain,0.15015101148845444,0.07928496521383467,,Physical Sciences & Engineering,2019,900,0.01924947010686723,0.14261554234224313,0.10422314506832409,0.017319497548961376,0.01905414947647232
domain,0.1500875273806076,0.08608663309072653,,Physical Sciences & Engineering,2020,900,0.019491527476133492,0.14346073098309584,0.10195800555387846,0.017466391510647775,0.019313226323451758
domain,0.14951953061293846,0.08208397304055941,,Physical Sciences & Engineering,2021,900,0.01952068196895884,0.14356219360663316,0.10324700005712818,0.017437289506968583,0.019269655235193302
domain,0.15384575611878104,0.08096588161675841,,Physical Sciences & Engineering,2022,900,0.020199030310442637,0.14590304333442847,0.10404355210594209,0.01832682104478048,0.01981389516441064
domain,0.15268420769754554,0.07995610597225261,,Physical Sciences & Engineering,2023,900,0.019715349225967422,0.14423783967185388,0.09990576724183643,0.017730214600686432,0.019264397359799727
domain,0.15177353956639247,0.08437784667656657,,Physical Sciences & Engineering,2024,900,0.019488804187224068,0.14345124980693394,0.10493868567181007,0.01758178234131931,0.019112656442812532
domain,0.1505122945189659,0.08390590769027248,,Physical Sciences & Engineering,2025,900,0.019615407513420627,0.14389136084909543,0.09951468974487608,0.017628661806215234,0.019171674701424196
domain,0.15021588800710114,0.08207031287503525,,Physical Sciences & Engineering,2026,900,0.019374893158359784,0.1430541037863567,0.10080105706366925,0.01744426635371503,0.01901536370677743
domain,0.15338826120374086,0.08215692999504019,,Social Sciences,2015,900,0.02032591222114206,0.1463367314963878,0.09565773569376698,0.018266738510334512,0.020035690428558156
domain,0.15315735234901937,0.08219012757707009,,Social Sciences,2016,900,0.02046285117160624,0.14680335752672602,0.1014307237096353,0.01843731546953888,0.020380837425887678
domain,0.15713304634674202,0.08966878308014932,,Social Sciences,2017,900,0.020821963044210173,0.14802006161507114,0.1039863386844581,0.018721356302927143,0.020590801058421107
domain,0.15519218371198246,0.08113269064218748,,Social Sciences,2018,900,0.020376361861513707,0.1465088139678334,0.09852638456615716,0.018318548044606135,0.020148477191991664
domain,0.15553148733793778,0.08068833165120444,,Social Sciences,2019,900,0.020731204906114534,0.14771351104354027,0.09955090114513847,0.018757377656731914,0.02052693931420891
domain,0.15345366882373548,0.0817941681727202,,Social Sciences,2020,900,0.020530074943891835,0.1470318838222668,0.09764990482268293,0.018571644604342807,0.020300228932036948
domain,0.15777623514623854,0.08311882383077476,,Social Sciences,2021,900,0.02166439357516567,0.15083578201990414,0.0998674032266578,0.019692496640768956,0.021316018198772213
domain,0.15871857760435423,0.08308168808119,,Social Sciences,2022,900,0.022040345376688034,0.15207553128249135,0.10210522637158403,0.02002381487437089,0.021796199578756066
domain,0.16082789832941916,0.08945138648204615,,Social Sciences,2023,900,0.022442381214319893,0.15339020942027226,0.10458018458253482,0.020228625626173415,0.02220257041920286
domain,0.16047529112532333,0.084404339100613,,Social Sciences,2024,900,0.022683799770179803,0.15417427366137804,0.10742668264806106,0.020536330369809955,0.022491937400241285
domain,0.16450441637040342,0.09346817999418972,,Social Sciences,2025,900,0.02349183029362348,0.1567700206377458,0.10884315103225657,0.02140712166774641,0.02338039231103081
domain,0.1635430775718771,0.09500944095483031,,Social Sciences,2026,900,0.023405711942582334,0.15649542072142356,0.11192259163944099,0.02127703310787356,0.02332780515085409
